entry,exit,pnl
646.95,707.49,1.7114022813043284
646.95,705.2,1.7933766064747263
646.95,705.63,1.954651056693839
